class_weight,l2_regularization,learning_rate,max_leaf_nodes,cv_roc_auc_mean,cv_roc_auc_std,rank
balanced,1.0,0.05,31,0.9135324212103735,0.001341050604052923,1
,1.0,0.05,31,0.9135299268964285,0.001390317166851455,2
,0.0,0.05,31,0.9134683963146273,0.001299804739173698,3
balanced,0.0,0.05,31,0.9134155644038617,0.0012323895606264836,4
balanced,1.0,0.05,63,0.9129382703512647,0.001192789998251417,5
,1.0,0.05,63,0.9128792618430752,0.0013654682990743093,6
balanced,0.0,0.05,63,0.9128277023947614,0.001337725345987679,7
,1.0,0.1,31,0.912790623659153,0.0013691284731062975,8
,0.0,0.05,63,0.9127830949840604,0.0013819564250189449,9
balanced,1.0,0.1,31,0.9127573901841766,0.0012966389102112813,10
balanced,0.0,0.1,31,0.9125228823455087,0.0011392970422014759,11
,0.0,0.1,31,0.9123349795250804,0.001396082370653842,12
balanced,1.0,0.1,63,0.9116765663661157,0.0013830483065511764,13
,1.0,0.1,63,0.911402723995152,0.0014053075945611574,14
balanced,0.0,0.1,63,0.9112110338993853,0.0012274078541285834,15
,0.0,0.1,63,0.911005764486233,0.0011639295966980679,16
