class_weight,learning_rate,n_estimators,num_leaves,cv_roc_auc_mean,cv_roc_auc_std,rank
,0.05,300,31,0.9135742191905752,0.0013353055464174549,1
balanced,0.05,300,31,0.913520117571528,0.0012988039715312995,2
,0.05,300,63,0.9133259020277225,0.00128520995693928,3
balanced,0.05,300,63,0.9132228821866862,0.0013950834570868062,4
,0.05,600,31,0.9129407233570344,0.0014316018676732156,5
balanced,0.05,600,31,0.9128733973646298,0.0012798792143979946,6
,0.1,300,31,0.9127603653544524,0.0013735448951648131,7
balanced,0.1,300,31,0.9126979337237693,0.0012967372766640958,8
,0.05,600,63,0.9122768428532135,0.0013523218113514364,9
balanced,0.05,600,63,0.9122340106626453,0.0014203986134099721,10
balanced,0.1,300,63,0.9119767207653705,0.0011680145709566205,11
,0.1,300,63,0.9119518410104636,0.0014618755538449676,12
balanced,0.1,600,31,0.9111210606759286,0.001300237884040314,13
,0.1,600,31,0.9109520437711061,0.0014073651553975109,14
balanced,0.1,600,63,0.9099051912526198,0.0011017735010016994,15
,0.1,600,63,0.9094959592974684,0.0012867652457393094,16
