learning_rate,max_depth,n_estimators,scale_pos_weight,cv_roc_auc_mean,cv_roc_auc_std,rank
0.05,4,600,1.0,0.9141392254264,0.001231087009451808,1
0.1,4,300,1.0,0.9140354625862294,0.0012517051196871598,2
0.05,4,300,1.0,0.9140326200869543,0.0012039962839332627,3
0.05,4,600,3.44,0.913888885086854,0.0011534949303502761,4
0.1,4,300,3.44,0.9138399618014181,0.001185621929088741,5
0.05,4,300,3.44,0.9138241621014871,0.0011543020255770666,6
0.05,6,300,1.0,0.9135590439536763,0.0011965131267379263,7
0.1,4,600,1.0,0.9134665056670503,0.0012392933372391561,8
0.05,6,300,3.44,0.9132719497831354,0.0013415146001260088,9
0.1,4,600,3.44,0.9131551436541295,0.0012537230432042336,10
0.05,6,600,1.0,0.9125925090018081,0.0012088216020791057,11
0.1,6,300,1.0,0.9124741311699271,0.0012651954503109194,12
0.05,6,600,3.44,0.9123144005186882,0.0012716013595132057,13
0.1,6,300,3.44,0.9121616506246639,0.001299325612030592,14
0.1,6,600,1.0,0.9104657911016665,0.001157113354187279,15
0.1,6,600,3.44,0.9099965736934245,0.0013015172189966083,16
