feature,importance,std
Contract,0.06364655967731858,0.002005047361610053
tenure,0.06178129932204925,0.0020802075160837995
TotalCharges,0.026590121294129455,0.0009746404758976679
InternetService,0.010419471411363656,0.00047052251753810717
PaymentMethod,0.007233768161272591,0.0003750418874516351
MonthlyCharges,0.005732711947545166,0.0007121845493225772
OnlineSecurity,0.0020532717136745315,0.00014916045518946928
PaperlessBilling,0.0019813944307193188,0.00042263657553065297
MultipleLines,0.0017936688212324859,0.0001596941317568746
Dependents,0.0011406825364377315,7.3652717530607e-05
SeniorCitizen,0.0010070077636267216,0.0001249738270189657
StreamingTV,0.0009598463333756246,0.0001326814175243453
StreamingMovies,0.0007373050756608324,0.00024377410736638224
TechSupport,0.0007064970560145767,0.00010959450728136791
OnlineBackup,0.00019112173538293753,6.54376233884063e-05
DeviceProtection,0.00010355397931378629,7.435748416160377e-05
Partner,6.39006018958499e-05,3.44348512699649e-05
PhoneService,4.799724583766096e-05,5.5555997310381935e-05
gender,2.1496891137551265e-05,2.1572598183439186e-05
