threshold,tp,fp,fn,tn,precision,recall,f1,accuracy,flagged_rate
0.01,26644,57388,119,34688,0.31707,0.995554,0.48096,0.516093,0.707108
0.02,26518,48597,245,43479,0.353032,0.990846,0.520583,0.589007,0.632074
0.03,26373,42969,390,49107,0.380332,0.985428,0.548837,0.635145,0.583495
0.04,26254,39667,509,52409,0.398265,0.980981,0.566527,0.661929,0.554708
0.05,26150,37165,613,54911,0.413014,0.977095,0.580608,0.682108,0.53278
0.06,26050,35195,713,56881,0.425341,0.973359,0.591992,0.697843,0.515361
0.07,25932,33443,831,58633,0.436749,0.96895,0.602104,0.711593,0.499626
0.08,25807,31881,956,60195,0.447355,0.964279,0.611171,0.723685,0.48543
0.09,25665,30457,1098,61619,0.457307,0.958973,0.619292,0.734473,0.472252
0.1,25537,29159,1226,62917,0.46689,0.95419,0.62699,0.744318,0.460253
0.11,25403,27893,1360,64183,0.47664,0.949184,0.634607,0.753843,0.448472
0.12,25264,26732,1499,65344,0.485884,0.94399,0.641552,0.762443,0.437533
0.13,25142,25683,1621,66393,0.494678,0.939431,0.64809,0.770244,0.427679
0.14,24996,24714,1767,67362,0.502836,0.933976,0.653721,0.777169,0.418297
0.15,24808,23791,1955,68285,0.510463,0.926951,0.658369,0.783354,0.408948
0.16,24650,22953,2113,69123,0.517825,0.921048,0.662937,0.789076,0.400567
0.17,24501,22119,2262,69957,0.525547,0.91548,0.667757,0.79484,0.392295
0.18,24335,21358,2428,70718,0.532576,0.909278,0.671718,0.799847,0.384495
0.19,24187,20626,2576,71450,0.539732,0.903748,0.675841,0.804761,0.37709
0.2,24018,19945,2745,72131,0.546323,0.897433,0.679184,0.809069,0.369937
0.21,23824,19305,2939,72771,0.552389,0.890184,0.681738,0.812822,0.36292
0.22,23637,18732,3126,73344,0.557884,0.883197,0.683822,0.81607,0.356524
0.23,23443,18173,3320,73903,0.563317,0.875948,0.685678,0.819142,0.350188
0.24,23275,17572,3488,74504,0.569809,0.869671,0.688508,0.822785,0.343717
0.25,23080,17005,3683,75071,0.575776,0.862385,0.690522,0.825916,0.337305
0.26,22911,16493,3852,75583,0.581438,0.85607,0.69252,0.828802,0.331575
0.27,22739,16003,4024,76073,0.586934,0.849643,0.694268,0.831478,0.326004
0.28,22549,15511,4214,76565,0.592459,0.842544,0.69571,0.834019,0.320265
0.29,22373,15083,4390,76993,0.597314,0.835968,0.696772,0.83614,0.315183
0.3,22143,14638,4620,77438,0.602023,0.827374,0.696934,0.837949,0.309503
0.31,21971,14175,4792,77901,0.60784,0.820947,0.698501,0.840398,0.304159
0.32,21763,13694,5000,78382,0.613786,0.813175,0.69955,0.842695,0.298362
0.33,21536,13257,5227,78819,0.618975,0.804693,0.699721,0.844462,0.292774
0.34,21352,12808,5411,79268,0.625059,0.797818,0.70095,0.846692,0.287448
0.35,21145,12402,5618,79674,0.63031,0.790083,0.70121,0.848366,0.282289
0.36,20895,11954,5868,80122,0.636092,0.780742,0.701033,0.850032,0.276416
0.37,20700,11595,6063,80481,0.640966,0.773456,0.701006,0.851412,0.271754
0.38,20475,11216,6288,80860,0.646082,0.765049,0.700551,0.852708,0.266672
0.39,20259,10809,6504,81267,0.652086,0.756978,0.700628,0.854316,0.261429
0.4,20044,10441,6719,81635,0.657504,0.748944,0.700252,0.855603,0.256524
0.41,19807,10058,6956,82018,0.663218,0.740089,0.699548,0.856832,0.251306
0.42,19548,9701,7215,82375,0.668331,0.730411,0.697993,0.857656,0.246123
0.43,19297,9353,7466,82723,0.673543,0.721033,0.696479,0.858472,0.241082
0.44,18979,8970,7784,83106,0.679058,0.709151,0.693778,0.859019,0.235184
0.45,18686,8611,8077,83465,0.684544,0.698203,0.691306,0.859575,0.229697
0.46,18364,8250,8399,83826,0.690013,0.686171,0.688087,0.859903,0.22395
0.47,18068,7907,8695,84169,0.695592,0.675111,0.685199,0.860298,0.218573
0.48,17764,7557,8999,84519,0.701552,0.663752,0.682129,0.860685,0.21307
0.49,17475,7232,9288,84844,0.707289,0.652954,0.679036,0.860988,0.207903
0.5,17201,6902,9562,85174,0.713646,0.642716,0.676326,0.86146,0.202821
0.51,16880,6619,9883,85457,0.718328,0.630722,0.67168,0.86114,0.197738
0.52,16618,6336,10145,85740,0.72397,0.620932,0.668504,0.861317,0.193152
0.53,16315,6059,10448,86017,0.729195,0.60961,0.664062,0.861098,0.188272
0.54,16021,5801,10742,86275,0.734167,0.598625,0.659504,0.860795,0.183627
0.55,15687,5505,11076,86571,0.740232,0.586145,0.654238,0.860475,0.178325
0.56,15296,5197,11467,86879,0.746401,0.571535,0.647368,0.859777,0.172443
0.57,14936,4928,11827,87148,0.751913,0.558084,0.640659,0.859011,0.167151
0.58,14598,4687,12165,87389,0.756961,0.545455,0.634034,0.858195,0.162278
0.59,14218,4396,12545,87680,0.763834,0.531256,0.626661,0.857446,0.156632
0.6,13847,4144,12916,87932,0.769663,0.517393,0.618805,0.856444,0.15139
0.61,13493,3919,13270,88157,0.774925,0.504166,0.610889,0.855359,0.146518
0.62,13097,3674,13666,88402,0.780931,0.48937,0.601691,0.854088,0.141124
0.63,12755,3441,14008,88635,0.78754,0.476591,0.593822,0.853171,0.136285
0.64,12399,3230,14364,88846,0.793333,0.463289,0.584969,0.851951,0.131514
0.65,12044,3042,14719,89034,0.798356,0.450024,0.575593,0.850546,0.126945
0.66,11666,2819,15097,89257,0.805385,0.4359,0.565652,0.849241,0.121888
0.67,11323,2642,15440,89434,0.810813,0.423084,0.55603,0.847845,0.117512
0.68,10895,2427,15868,89649,0.81782,0.407092,0.543595,0.846052,0.112101
0.69,10488,2236,16275,89840,0.824269,0.391884,0.531213,0.844235,0.107069
0.7,10079,2071,16684,90005,0.829547,0.376602,0.518027,0.842181,0.102239
0.71,9694,1921,17069,90155,0.83461,0.362216,0.505185,0.840204,0.0977373
0.72,9299,1780,17464,90296,0.839336,0.347457,0.491465,0.838067,0.093227
0.73,8870,1614,17893,90462,0.846051,0.331428,0.47628,0.835854,0.0882202
0.74,8439,1458,18324,90618,0.852683,0.315323,0.460393,0.833539,0.0832807
0.75,8038,1300,18725,90776,0.860784,0.30034,0.445306,0.831495,0.0785769
0.76,7685,1189,19078,90887,0.866013,0.28715,0.431293,0.829458,0.0746725
0.77,7299,1062,19464,91014,0.872982,0.272727,0.415613,0.827279,0.0703557
0.78,6852,934,19911,91142,0.880041,0.256025,0.396654,0.824595,0.0655172
0.79,6477,835,20286,91241,0.885804,0.242013,0.380161,0.822272,0.0615286
0.8,6054,753,20709,91323,0.889379,0.226208,0.360679,0.819403,0.0572792
0.81,5632,672,21131,91404,0.893401,0.21044,0.340642,0.816533,0.0530466
0.82,5232,585,21531,91491,0.899433,0.195494,0.321179,0.813899,0.0489486
0.83,4834,515,21929,91561,0.90372,0.180623,0.301071,0.811139,0.0450105
0.84,4470,437,22293,91639,0.910944,0.167022,0.282286,0.808733,0.0412912
0.85,4103,397,22660,91679,0.911778,0.153309,0.262483,0.805981,0.0378664
0.86,3727,337,23036,91739,0.917077,0.139259,0.241801,0.803322,0.0341975
0.87,3393,285,23370,91791,0.922512,0.12678,0.222923,0.800949,0.0309494
0.88,3030,244,23733,91832,0.925473,0.113216,0.201751,0.79824,0.0275499
0.89,2692,201,24071,91875,0.930522,0.100587,0.181548,0.795757,0.0243439
0.9,2328,145,24435,91931,0.941367,0.0869858,0.159256,0.793166,0.0208097
0.91,1962,111,24801,91965,0.946454,0.0733102,0.13608,0.790372,0.0174438
0.92,1655,88,25108,91988,0.949512,0.0618391,0.116116,0.787982,0.0146669
0.93,1399,66,25364,92010,0.954949,0.0522737,0.0991214,0.786013,0.0123276
0.94,1015,41,25748,92035,0.961174,0.0379255,0.0729717,0.782992,0.00888597
0.95,723,26,26040,92050,0.965287,0.0270149,0.0525589,0.780661,0.00630264
0.96,506,16,26257,92060,0.969349,0.0189067,0.03709,0.778919,0.0043925
0.97,171,7,26592,92069,0.960674,0.00638942,0.0126944,0.776176,0.00149782
0.98,27,0,26736,92076,1,0.00100886,0.00201568,0.775023,0.000227198
0.99,0,0,26763,92076,0,0,0,0.774796,0
